{
  "n_periods": 2153,
  "n_perm": 400,
  "champion_roi": 1.04875058058523,
  "champion_median": 0.30283325592196936,
  "strategies": {
    "A00": {
      "roi_theoretical": 0.2861124013005109,
      "bet_type": "single",
      "group": "A",
      "p_value": 0.5835411471321695,
      "null_mean": 3.031727821644216,
      "beats_champion": false,
      "q_value": 0.8626260435866854,
      "fdr_rejected": false
    },
    "A01": {
      "roi_theoretical": 0.2619600557361821,
      "bet_type": "single",
      "group": "A",
      "p_value": 0.7830423940149626,
      "null_mean": 3.031727821644216,
      "beats_champion": false,
      "q_value": 0.9355920543468914,
      "fdr_rejected": false
    },
    "A02": {
      "roi_theoretical": 0.3214119832791454,
      "bet_type": "single",
      "group": "A",
      "p_value": 0.314214463840399,
      "null_mean": 3.031727821644216,
      "beats_champion": false,
      "q_value": 0.8150591263776044,
      "fdr_rejected": false
    },
    "A03": {
      "roi_theoretical": 0.30840687412912215,
      "bet_type": "single",
      "group": "A",
      "p_value": 0.3865336658354115,
      "null_mean": 3.031727821644216,
      "beats_champion": false,
      "q_value": 0.8213840399002494,
      "fdr_rejected": false
    },
    "A04": {
      "roi_theoretical": 0.215513237343242,
      "bet_type": "single",
      "group": "A",
      "p_value": 0.972568578553616,
      "null_mean": 3.031727821644216,
      "beats_champion": false,
      "q_value": 0.972568578553616,
      "fdr_rejected": false
    },
    "A05": {
      "roi_theoretical": 0.3660009289363679,
      "bet_type": "single",
      "group": "A",
      "p_value": 0.14463840399002495,
      "null_mean": 3.031727821644216,
      "beats_champion": false,
      "q_value": 0.7780548628428927,
      "fdr_rejected": false
    },
    "A06": {
      "roi_theoretical": 0.2879702740362285,
      "bet_type": "single",
      "group": "A",
      "p_value": 0.5660847880299252,
      "null_mean": 3.031727821644216,
      "beats_champion": false,
      "q_value": 0.8626260435866854,
      "fdr_rejected": false
    },
    "A07": {
      "roi_theoretical": 0.2879702740362285,
      "bet_type": "single",
      "group": "A",
      "p_value": 0.5660847880299252,
      "null_mean": 3.031727821644216,
      "beats_champion": false,
      "q_value": 0.8626260435866854,
      "fdr_rejected": false
    },
    "A08": {
      "roi_theoretical": 0.23594983743613562,
      "bet_type": "single",
      "group": "A",
      "p_value": 0.9152119700748129,
      "null_mean": 3.031727821644216,
      "beats_champion": false,
      "q_value": 0.9678879723767504,
      "fdr_rejected": false
    },
    "A09": {
      "roi_theoretical": 0.31398049233627495,
      "bet_type": "single",
      "group": "A",
      "p_value": 0.35910224438902744,
      "null_mean": 3.031727821644216,
      "beats_champion": false,
      "q_value": 0.8150591263776044,
      "fdr_rejected": false
    },
    "A10": {
      "roi_theoretical": 0.3251277287505806,
      "bet_type": "single",
      "group": "A",
      "p_value": 0.28428927680798005,
      "null_mean": 3.031727821644216,
      "beats_champion": false,
      "q_value": 0.8150591263776044,
      "fdr_rejected": false
    },
    "A11": {
      "roi_theoretical": 0.24152345564328845,
      "bet_type": "single",
      "group": "A",
      "p_value": 0.8952618453865336,
      "null_mean": 3.031727821644216,
      "beats_champion": false,
      "q_value": 0.9678879723767504,
      "fdr_rejected": false
    },
    "A12": {
      "roi_theoretical": 0.30283325592196936,
      "bet_type": "single",
      "group": "A",
      "p_value": 0.43640897755610975,
      "null_mean": 3.031727821644216,
      "beats_champion": false,
      "q_value": 0.8626260435866854,
      "fdr_rejected": false
    },
    "A13": {
      "roi_theoretical": 0.3455643288434742,
      "bet_type": "single",
      "group": "A",
      "p_value": 0.18952618453865336,
      "null_mean": 3.031727821644216,
      "beats_champion": false,
      "q_value": 0.7780548628428927,
      "fdr_rejected": false
    },
    "A14": {
      "roi_theoretical": 0.3814584300975383,
      "bet_type": "single",
      "group": "A",
      "p_value": 0.11471321695760599,
      "null_mean": 3.031727821644216,
      "beats_champion": false,
      "q_value": 0.7780548628428927,
      "fdr_rejected": false
    },
    "A15": {
      "roi_theoretical": 0.3790060380863911,
      "bet_type": "single",
      "group": "A",
      "p_value": 0.11970074812967581,
      "null_mean": 3.031727821644216,
      "beats_champion": false,
      "q_value": 0.7780548628428927,
      "fdr_rejected": false
    },
    "A16": {
      "roi_theoretical": 0.25081281932187643,
      "bet_type": "single",
      "group": "A",
      "p_value": 0.8478802992518704,
      "null_mean": 3.031727821644216,
      "beats_champion": false,
      "q_value": 0.9451780385102817,
      "fdr_rejected": false
    },
    "A17": {
      "roi_theoretical": 0.2768230376219229,
      "bet_type": "single",
      "group": "A",
      "p_value": 0.6708229426433915,
      "null_mean": 3.031727821644216,
      "beats_champion": false,
      "q_value": 0.914380714879468,
      "fdr_rejected": false
    },
    "A18": {
      "roi_theoretical": 0.3938690199721319,
      "bet_type": "single",
      "group": "A",
      "p_value": 0.10972568578553615,
      "null_mean": 3.031727821644216,
      "beats_champion": false,
      "q_value": 0.7780548628428927,
      "fdr_rejected": false
    },
    "A19": {
      "roi_theoretical": 0.21179749187180677,
      "bet_type": "single",
      "group": "A",
      "p_value": 0.972568578553616,
      "null_mean": 3.031727821644216,
      "beats_champion": false,
      "q_value": 0.972568578553616,
      "fdr_rejected": false
    },
    "A20": {
      "roi_theoretical": 0.32326985601486297,
      "bet_type": "single",
      "group": "A",
      "p_value": 0.2967581047381546,
      "null_mean": 3.031727821644216,
      "beats_champion": false,
      "q_value": 0.8150591263776044,
      "fdr_rejected": false
    },
    "A21": {
      "roi_theoretical": 0.31212261960055737,
      "bet_type": "single",
      "group": "A",
      "p_value": 0.371571072319202,
      "null_mean": 3.031727821644216,
      "beats_champion": false,
      "q_value": 0.8150591263776044,
      "fdr_rejected": false
    },
    "A22": {
      "roi_theoretical": 0.2712494194147701,
      "bet_type": "single",
      "group": "A",
      "p_value": 0.713216957605985,
      "null_mean": 3.031727821644216,
      "beats_champion": false,
      "q_value": 0.9326683291770573,
      "fdr_rejected": false
    },
    "A23": {
      "roi_theoretical": 0.3288434742220158,
      "bet_type": "single",
      "group": "A",
      "p_value": 0.26184538653366585,
      "null_mean": 3.031727821644216,
      "beats_champion": false,
      "q_value": 0.8150591263776044,
      "fdr_rejected": false
    },
    "A24": {
      "roi_theoretical": 0.9050998606595448,
      "bet_type": "single",
      "group": "A",
      "p_value": 0.022443890274314215,
      "null_mean": 3.031727821644216,
      "beats_champion": false,
      "q_value": 0.5652535328345802,
      "fdr_rejected": false
    },
    "A25": {
      "roi_theoretical": 0.25452856479331165,
      "bet_type": "single",
      "group": "A",
      "p_value": 0.8254364089775561,
      "null_mean": 3.031727821644216,
      "beats_champion": false,
      "q_value": 0.9451780385102817,
      "fdr_rejected": false
    },
    "A26": {
      "roi_theoretical": 0.2916860195076637,
      "bet_type": "single",
      "group": "A",
      "p_value": 0.5361596009975063,
      "null_mean": 3.031727821644216,
      "beats_champion": false,
      "q_value": 0.8626260435866854,
      "fdr_rejected": false
    },
    "A27": {
      "roi_theoretical": 0.3362749651648862,
      "bet_type": "single",
      "group": "A",
      "p_value": 0.22443890274314215,
      "null_mean": 3.031727821644216,