{
  "A": {
    "n": 50,
    "roi_mean": 0.33971091500232237,
    "roi_median": 0.300046446818393,
    "roi_min": 0.21179749187180677,
    "roi_max": 1.04875058058523
  },
  "B": {
    "n": 5,
    "roi_mean": 0.31472364143056203,
    "roi_median": 0.31212261960055737,
    "roi_min": 0.2861124013005109,
    "roi_max": 0.35299581978634464
  },
  "C": {
    "n": 3,
    "roi_mean": 0.28735098312432267,
    "roi_median": 0.2656758012076173,
    "roi_min": 0.2619600557361821,
    "roi_max": 0.3344170924291686
  },
  "D": {
    "n": 3,
    "roi_mean": 0.26381792847189967,
    "roi_median": 0.26939154667905246,
    "roi_min": 0.20808174640037158,
    "roi_max": 0.31398049233627495
  },
  "E": {
    "n": 5,
    "roi_mean": 0.33235936566916596,
    "roi_median": 0.3171329042532015,
    "roi_min": 0.2841218233693849,
    "roi_max": 0.39104704399177226
  },
  "F": {
    "n": 2,
    "roi_mean": 0.37993497445424984,
    "roi_median": 0.37993497445424984,
    "roi_min": 0.35856943799349744,
    "roi_max": 0.4013005109150023
  },
  "_control_champion": 1.04875058058523,
  "_control_median": 0.300046446818393
}