{
  "A": {
    "n": 50,
    "roi_mean": 0.33962748375116064,
    "roi_median": 0.2999071494893222,
    "roi_min": 0.2116991643454039,
    "roi_max": 1.048263695450325
  },
  "B": {
    "n": 5,
    "roi_mean": 0.314577530176416,
    "roi_median": 0.31197771587743733,
    "roi_min": 0.28597957288765086,
    "roi_max": 0.3528319405756732
  },
  "C": {
    "n": 3,
    "roi_mean": 0.2872175796966883,
    "roi_median": 0.265552460538533,
    "roi_min": 0.2618384401114206,
    "roi_max": 0.3342618384401114
  },
  "D": {
    "n": 3,
    "roi_mean": 0.26369545032497677,
    "roi_median": 0.2692664809656453,
    "roi_min": 0.20798514391829154,
    "roi_max": 0.3138347260909935
  },
  "E": {
    "n": 5,
    "roi_mean": 0.3322050669850113,
    "roi_median": 0.31698567449263826,
    "roi_min": 0.2839899190874121,
    "roi_max": 0.39086549940310383
  },
  "F": {
    "n": 2,
    "roi_mean": 0.37975858867223766,
    "roi_median": 0.37975858867223766,
    "roi_min": 0.3584029712163417,
    "roi_max": 0.4011142061281337
  },
  "_control_champion": 1.048263695450325,
  "_control_median": 0.2999071494893222
}